{
  "total": 3179,
  "por_diris": {
    "LORETO": 151,
    "PASCO": 7,
    "PIURA": 80,
    "CUSCO": 65,
    "AMAZONAS": 39,
    "HUANUCO": 24,
    "AYACUCHO": 11,
    "UCAYALI": 41,
    "JUNIN": 40,
    "MADRE DE DIOS": 19,
    "LA LIBERTAD": 134,
    "HUANCAVELICA": 4,
    "CALLAO": 184,
    "APURIMAC": 5,
    "TACNA": 43,
    "PUNO": 9,
    "LIMA CENTRO": 965,
    "SAN MARTIN": 29,
    "LAMBAYEQUE": 105,
    "CAJAMARCA": 12,
    "ICA": 109,
    "LIMA ESTE": 281,
    "LIMA": 66,
    "AREQUIPA": 61,
    "LIMA NORTE": 384,
    "LIMA SUR": 269,
    "ANCASH": 25,
    "MOQUEGUA": 14,
    "TUMBES": 3
  },
  "por_esquema": {
    "TDF/FTC/EFV": 724,
    "D4T+3TC+NVP": 50,
    "D4T+3TC+LPV/rtv": 14,
    "D4T+3TC+EFV": 66,
    "D4T+3TC+ATV/rtv": 6,
    "AZT+3TC+NFV": 2,
    "TDF+ABC+SQV+LPV/rtv": 2,
    "3TC+D4T+EFV": 2,
    "3TC+D4T+LPV/rtv": 2,
    "DDI+D4T+NVP": 2,
    "3TC+EFV+D4T": 2,
    "3TC+DTG": 28,
    "DRV+ETV+RTV+DTG": 1,
    "DRV+ETV+DTG+ATV/RTV": 1,
    "TDF/3TC/DTG+DRV+RTV": 31,
    "LPV/RTV+RAL": 37,
    "TDF/FTC+EFV": 451,
    "DTG+LPV/RTV": 27,
    "TDF/3TC/DTG+ATV/RTV": 59,
    "TDF/FTC+LPV/rtv": 318,
    "AZT/3TC/NVP": 72,
    "DTG+TDF/3TC/DTG": 44,
    "TDF+3TC+EFV": 119,
    "LPV/RTV+DTG": 150,
    "TDF/FTC+RAL+LPV/RTV": 3,
    "ETV+DRV+RTV+RAL": 7,
    "ATV/RTV+RAL(100)+AZT/3TC+MVC": 1,
    "TDF/FTC+DTG": 43,
    "EFV+TDF/FTC": 20,
    "TDF/FTC+ATV/RTV": 42,
    "ATV/rtv+ETV+RAL": 1,
    "DTG+ATV/RTV": 25,
    "TDF/FTC+DRV+RTV": 20,
    "TDF/3TC/DTG+DTG+ETV": 2,
    "TDF/3TC/DTG+LPV/RTV": 23,
    "RTV+DRV+TDF/FTC": 2,
    "TDF/3TC/DTG+LPV/rtv+DTG": 2,
    "ATV/RTV+RAL(100)": 11,
    "TDF/3TC/DTG+DTG+LPV/rtv": 1,
    "ATV/rtv+ABC/3TC": 3,
    "LPV/RTV+EFV": 2,
    "RAL+LPV/RTV": 6,
    "RAL+ETV+LPV/rtv": 2,
    "LPV/RTV+DTG+TDF/FTC": 1,
    "DTG+ATV/rtv": 7,
    "TDF/FTC+DTG+LPV/RTV": 1,
    "TDF/FTC+LPV/RTV": 22,
    "TDF/3TC/DTG+ATV/rtv": 10,
    "RAL+ATV/RTV": 15,
    "ATV/RTV+TDF/FTC": 6,
    "DTG+DRV+RTV": 5,
    "TDF/3TC/DTG+RTV+DRV": 11,
    "MVC+ETV+RTV+DRV": 1,
    "ATV/RTV+TDF/3TC/DTG": 12,
    "RTV+RAL(100)+DRV": 2,
    "DTG+ABC(120)/3TC(60)": 1,
    "DRV+DTG+RTV": 8,
    "ABC/3TC+DRV+RTV+ETV": 1,
    "TDF/FTC+RAL+DRV+RTV": 4,
    "RAL+LPV/rtv": 13,
    "RAL+ETV+LPV/RTV": 1,
    "DTG+LPV/rtv": 1,
    "RTV+TDF/FTC+DRV": 1,
    "DTG+TDF/FTC+ETV": 1,
    "DTG+ETV+DRV+ATV/RTV": 1,
    "TDF/3TC/DTG+LPV/rtv": 8,
    "DRV+TDF/FTC+RTV": 1,
    "DRV+RTV+TDF/3TC/DTG": 4,
    "LPV/rtv+DTG": 10,
    "LPV/RTV+DRV": 1,
    "EFV+LPV/RTV+MVC": 1,
    "TDF/3TC/DTG+ETV": 7,
    "AZT/3TC+MVC+DRV+RTV": 1,
    "TDF/FTC+MVC+LPV/RTV": 1,
    "TDF/3TC/DTG+MVC+DRV+RTV": 1,
    "TDF/FTC+LPV/RTV+RAL": 3,
    "ABC+3TC(S)+DTG": 9,
    "DRV+ETV+DTG+RTV": 1,
    "TDF/FTC+LPV/RTV+DTG": 2,
    "ETV+TDF/FTC+ATV/rtv": 1,
    "3TC(S)+DTG": 19,
    "ABC/3TC+TDF/FTC": 3,
    "DRV+RTV+TDF/FTC": 2,
    "RAL(100)+ETV+DRV+RTV": 1,
    "AZT/3TC+RTV+DRV+DTG": 1,
    "DTG": 8,
    "DTG+3TC": 6,
    "ATV/RTV+DTG+3TC(S)": 1,
    "DRV+RTV+ETV+TDF/3TC/DTG": 1,
    "LPV/RTV+TDF/3TC/DTG": 10,
    "LPV/RTV+TDF/FTC": 3,
    "LPV/RTV+RAL+AZT/3TC": 1,
    "DTG+ATV/RTV+TDF/FTC": 1,
    "RTV+DRV+TDF/3TC/DTG": 2,
    "3TC(S)+RTV+DRV+MVC": 1,
    "DTG+3TC+TDF": 2,
    "ETV+DRV+RTV+TDF/3TC/DTG": 1,
    "TDF+RAL+LPV/RTV": 2,
    "TDF/FTC+ETV+DTG": 1,
    "RAL+TDF+ETV+DRV+RTV": 1,
    "RTV+RAL+DRV+TDF/FTC": 1,
    "TDF/FTC+DRV+RTV+ETV": 5,
    "ETV+DRV+RTV+TDF/3TC/DTG+DTG": 1,
    "RTV+DRV+ETV+MVC+DTG": 1,
    "TDF/3TC/DTG+ETV+DRV+RTV": 6,
    "RTV+DRV": 1,
    "TDF/3TC/DTG+DTG+DRV+RTV+ETV": 1,
    "RAL+TDF/FTC": 6,
    "ABC+ETV+DTG": 1,
    "TDF+DTG": 1,
    "RAL+DRV+RTV": 6,
    "TDF/3TC/DTG+DRV+RTV+ETV": 3,
    "ATV/RTV": 1,
    "RTV+MVC+DRV+DTG+TDF/3TC/DTG": 1,
    "TDF/FTC+DTG+MVC": 1,
    "TDF+RAL+ATV/RTV": 1,
    "ATV/RTV+TDF/3TC/DTG+DTG": 2,
    "ETV+TDF/3TC/DTG": 1,
    "TDF/3TC/DTG+EFV": 3,
    "ETV+3TC+DTG": 1,
    "DRV+TDF/3TC/DTG+EFV": 1,
    "TDF/FTC+DRV+RAL+RTV": 1,
    "AZT/3TC+RTV+DRV+ETV": 1,
    "DRV+RTV+TDF/3TC/DTG+DTG": 2,
    "TDF+3TC+DTG": 3,
    "TDF/FTC+ETV": 1,
    "TDF/FTC+RTV+MVC+DRV": 1,
    "DRV+RTV+ETV+RAL": 3,
    "DRV+RTV+ETV+RAL(100)": 1,
    "LPV/RTV(S)+DTG": 2,
    "TDF/FTC+RAL(100)": 4,
    "DRV+ATV/RTV+DTG": 2,
    "AZT/3TC+ATV/RTV+RAL(100)": 1,
    "TDF+RAL+LPV/rtv": 3,
    "ETV+RAL+LPV/rtv": 1,
    "DRV+TDF/3TC/DTG+RTV+ETV": 1,
    "LPV/RTV+DTG+TDF/3TC/DTG": 1,
    "TDF+3TC+LPV/rtv": 14,
    "DDI+3TC+LPV/rtv": 10,
    "RAL+ETV": 1,
    "ABC+3TC(S)+EFV": 4,
    "ABC+3TC(S)+ATV/RTV": 1,
    "TDF/3TC/DTG+DTG+DRV+RTV": 2,
    "LPV/RTV+ABC/3TC": 2,
    "EFV+ATV/RTV": 1,
    "LPV/rtv+RAL+MVC": 1,
    "DTG+3TC+RTV+DRV": 1,
    "DRV+RTV+TDF/FTC+RAL": 1,
    "AZT/3TC+TDF/FTC+ATV/RTV": 1,
    "TDF/FTC+LPV/rtv+RAL": 4,
    "DRV+RTV+TDF+3TC+MVC": 1,
    "TDF/FTC+DRV+RTV+RAL": 1,
    "ATV/rtv+DTG": 2,
    "TDF/FTC+LPV/RTV+ETV": 2,
    "TDF": 5,
    "RTV+DRV+MVC+DTG": 1,
    "DRV+RTV+TDF+3TC+DTG": 1,
    "DRV+RAL+RTV": 4,
    "LPV/RTV+TDF/FTC+RAL": 1,
    "AZT/3TC+RAL+ETV": 1,
    "TDF/FTC+ETV+DRV+RTV+MVC": 2,
    "DRV+RTV+EFV+TDF/FTC": 1,
    "TDF/3TC/DTG+DRV+RTV+DTG": 2,
    "TDF/3TC/DTG+RTV+DRV+ETV": 2,
    "TDF/3TC/DTG+DTG+LPV/RTV": 2,
    "ABC+RAL+ETV": 1,
    "TDF/3TC/DTG+DTG+DRV+ETV+RTV": 1,
    "RTV+MVC+ETV+DRV": 1,
    "TDF/3TC/DTG+DTG+ETV+MVC": 2,
    "TDF/3TC/DTG+DTG+RTV+DRV": 1,
    "LPV/RTV+ETV+DTG": 1,
    "RAL+DRV+RTV+TDF/FTC": 1,
    "ABC+LPV/RTV+RAL": 1,
    "DTG+ETV+TDF/FTC": 1,
    "RAL(100)+ATV/RTV": 1,
    "DTG+ETV+DRV+RTV": 3,
    "RTV+DRV+TDF/3TC/DTG+ETV": 2,
    "TDF/3TC/DTG+RAL": 2,
    "RAL+DRV+RTV+ETV": 1,
    "TDF/FTC+ETV+DRV+RTV": 2,
    "ETV+RAL(100)+RTV+DRV": 1,
    "RTV+DRV+RAL(100)": 1,
    "DTG+LPV/RTV+ABC/3TC": 1,
    "TDF/3TC/DTG+LPV/rtv+MVC": 1,
    "RAL+3TC+DRV+RTV": 1,
    "ABC/3TC+RAL(100)": 3,
    "LPV/rtv+RAL+ETV": 2,
    "TDF/3TC/DTG+DTG+ATV/rtv": 1,
    "ABC/3TC": 2,
    "RTV+RAL+DRV": 2,
    "RAL+ETV+DRV+RTV": 1,
    "DRV+RTV+RAL(100)": 1,
    "DRV+DTG+RTV+MVC": 1,
    "DTG+ABC/3TC": 3,
    "RAL+RTV+DRV": 1,
    "RTV+ETV+TDF/3TC/DTG+DRV": 1,
    "DDI+3TC+EFV": 6,
    "DRV+RTV+MVC+DTG": 1,
    "DRV+ETV+RTV+RAL": 1,
    "AZT+ATV/rtv+ETV": 1,
    "ATV/RTV+RAL+TDF": 1,
    "TDF/FTC+ETV+DRV+RTV+DTG": 1,
    "ABC+ATV/RTV+TDF": 1,
    "RTV+DTG+DRV+ETV": 1,
    "ATV/rtv+RAL": 4,
    "RAL+3TC+LPV/rtv": 1,
    "ETV+DRV+RTV+MVC": 1,
    "LPV/RTV+ETV": 1,
    "DRV+DTG+ETV+RTV": 1,
    "DTG+ABC+3TC(S)": 1,
    "ABC/3TC+DTG+LPV/RTV": 1,
    "EFV+3TC+ATV/rtv": 1,
    "MVC+DRV+DTG+RTV": 1,
    "ABC+DTG+3TC": 1,
    "TDF/FTC+RAL+RAL": 1,
    "RTV+DTG+DRV": 1,
    "LPV/RTV(S)+TDF/FTC": 1,
    "DTG+3TC(S)": 1,
    "DRV+RTV+3TC+RAL": 1,
    "ETV+RAL(100)": 1,
    "LPV/RTV(S)": 1,
    "TDF+LPV/RTV+DTG": 1,
    "RAL+3TC+ATV/RTV": 1,
    "DRV+RTV+ETV+TDF/FTC": 1,
    "RTV+DRV+RAL(100)+TDF/FTC": 1,
    "AZT/3TC+RTV+RAL+DRV": 1,
    "ABC/3TC+LPV/RTV(S)": 1,
    "DRV+RTV+ETV+DTG": 1,
    "ETV+DRV+RTV+DTG": 1,
    "TDF/FTC+RTV+DRV": 1,
    "DTG+TDF/FTC": 2,
    "RAL(100)+3TC+ETV": 1,
    "TDF/FTC+RAL+DRV+ETV+RTV": 1,
    "3TC(S)+DRV+RTV+DTG": 1,
    "TDF/3TC/DTG+LPV/RTV(S)": 1,
    "TDF/3TC/DTG+DRV+RTV+MVC": 1,
    "TDF/FTC+DRV+ETV+RTV": 1,
    "DRV+DTG+TDF/3TC/DTG+RTV": 1,
    "ATV/RTV+EFV": 1,
    "LPV/rtv+EFV": 1,
    "TDF/3TC/DTG+LPV/RTV+DTG": 1,
    "LPV/RTV(S)+AZT": 1,
    "DTG+RTV+DRV+TDF": 1,
    "TDF+RTV+DTG+DRV": 1,
    "TDF/FTC+DRV+RAL+ATV/RTV": 1,
    "RTV+DRV+DTG+TDF/3TC/DTG": 1,
    "DRV+TDF/3TC/DTG+RTV": 1,
    "3TC+RTV+RAL+DRV": 1,
    "TDF/3TC/DTG+DTG+DRV+MVC+RTV": 1,
    "3TC+RTV+DRV+DTG": 1,
    "TDF/FTC+DRV+DTG+RTV": 1,
    "DRV+RAL+RTV+ETV": 1,
    "RTV+MVC+DRV+DTG": 1,
    "ABC+3TC(s)+EFV": 1,
    "AZT/3TC+DTG+ATV/RTV": 1,
    "3TC+RTV+DRV+MVC+ETV": 1,
    "DRV+ETV+TDF/3TC/DTG+ATV/RTV": 1,
    "DRV+TDF/FTC+ETV+ATV/RTV": 1,
    "3TC+DTG+ABC": 1,
    "LPV/RTV+RAL+TDF/FTC": 1,
    "DRV+DTG+EFV+RTV": 1,
    "TDF/FTC+LPV/rtv+MVC": 1,
    "TDF+3TC+ATV/rtv": 9,
    "DRV+DTG+ETV+ATV/RTV": 1,
    "DRV+ETV+RTV+TDF/3TC/DTG": 1,
    "nan": 21,
    "AZT+3TC+NVP": 21,
    "ABC+3TC+NVP": 8,
    "DDI+ABC+LPV/rtv": 3,
    "AZT(s)+3TC(s)+EFV": 1,
    "3TC+LPV/RTV+TDF": 1,
    "AZT+3TC": 2,
    "TDF+LPV/rtv": 1,
    "AZT+3TC+LPV/rtv": 2,
    "ABC+TDF+ATV/RTV": 1,
    "AZT+TDF+LPV/rtv": 1,
    "ABC+DDI+EFV": 1,
    "AZT/3TC+NVP": 10,
    "EFV+TDF+3TC": 1,
    "LPV/RTV+DTG+ETV": 1,
    "3TC+AZT+RAL": 1,
    "3TC+LPV/RTV(S)": 1,
    "3TC+LPV/rtv+EFV": 1,
    "ABC+3TC+LPV/rtv": 10,
    "AZT+DDI+EFV": 1,
    "RAL+ABC+3TC": 1,
    "AZT+TDF+EFV": 1,
    "RAL+ATV/RTV+TDF": 1,
    "AZT/3TC": 1,
    "TDF/3TC/DTG+MVC": 1,
    "LPV/RTV(S)+RAL": 1,
    "DDI+3TC+NVP": 2,
    "ABC+3TC+EFV+LPV/rtv": 1,
    "3TC+EFV+LPV/RTV": 1,
    "LPV/RTV+3TC+TDF": 1,
    "3TC+EFV": 1,
    "AZT/3TC+TDF+LPV/rtv": 1,
    "TDF+3TC+ATV/RTV": 1,
    "AZT/3TC+DDI+LPV/rtv": 1,
    "AZT+TDF+LPV/RTV": 3,
    "DDI+ABC+ATV/rtv": 1,
    "AZT(s)+3TC(s)+LPV/rtv(s)": 1,
    "3TC(S)+ATV/RTV": 1,
    "RAL+DRV+RTV+EFV": 1,
    "AZT+3TC+ATV/rtv": 1,
    "ABC+3TC+ATV/rtv": 1,
    "TDF+3TC+LPV/RTV": 1,
    "TDF/3TC/DTG": 6,
    "3TC(S)+AZT(S)+LPV/RTV": 1,
    "AZT(S)+3TC(S)+RAL(100)": 15,
    "AZT+3TC(S)+RAL(100)": 4,
    "AZT(S)+3TC(S)+RAL": 4,
    "AZT+3TC(S)+LPV/RTV": 9,
    "ABC+DTG+LPV/RTV": 1,
    "ABC+TDF/FTC+LPV/RTV": 1,
    "ABC+3TC(S)+RAL(100)": 12,
    "ABC(120)/3TC(60)+LPV/RTV(S)": 1,
    "LPV/RTV(S)+AZT(S)+3TC(S)": 1,
    "DTG+3TC(S)+AZT(S)": 1,
    "AZT(S)+3TC(S)+DTG": 3,
    "3TC(S)+AZT(S)+RAL(100)": 1,
    "AZT(S)+3TC(S)+LPV/RTV": 2,
    "RAL(100)+AZT(S)+3TC(S)": 1,
    "3TC(S)+RAL+ABC": 1,
    "AZT+TDF/FTC+EFV": 1,
    "ABC+3TC(S)+LPV/RTV": 2,
    "3TC(S)+AZT(S)+DTG": 1,
    "3TC(s)+DTG+MVC": 1,
    "TDF+3TC(S)+DTG": 2,
    "EFV+DTG+LPV/RTV": 1,
    "AZT+LPV/RTV+RAL(100)": 1,
    "3TC(S)+TDF+DTG": 1,
    "ATV/RTV+DTG": 1,
    "AZT+DTG+TDF/FTC": 1,
    "TDF+3TC(S)+EFV": 1,
    "ABC+AZT+LPV/RTV": 2,
    "AZT(S)+TDF+RAL": 1,
    "AZT+TDF/FTC+DTG": 1,
    "AZT(S)+DTG+TDF/FTC": 1,
    "TDF/FTC+ETV+LPV/RTV": 2,
    "AZT(S)+3TC(S)+LPV/RTV(S)": 1,
    "AZT/3TC+LPV/RTV": 1,
    "LPV/RTV+TDF/FTC+ETV": 1,
    "ABC+EFV+TDF/FTC": 1,
    "AZT(s)+3TC(s)": 2,
    "AZT(S)+TDF/FTC+LPV/RTV": 1,
    "AZT(S)+EFV+LPV/RTV": 1,
    "LPV/RTV(S)+TDF+3TC(S)": 1,
    "AZT+TDF/FTC+LPV/RTV": 2,
    "3TC(S)+ABC+LPV/RTV": 1,
    "AZT/3TC+ABC+LPV/RTV": 1,
    "ABC+EFV+LPV/RTV": 1,
    "ABC/3TC+LPV/RTV": 2,
    "AZT/3TC+RAL": 1,
    "3TC+DRV+RTV+DTG": 1,
    "RAL(100)+DRV+ETV+RTV": 1,
    "LPV/RTV+MVC+ETV": 1,
    "TDF/3TC/DTG+DTG+ATV/RTV": 1,
    "LPV/rtv+RAL": 1,
    "DRV+LPV/RTV": 1,
    "DTG+LPV/RTV+TDF/FTC": 1,
    "ABC+DTG+EFV": 1,
    "ETV+DRV+RTV+RAL(100)": 1,
    "TDF+ABC+LPV/rtv": 1,
    "TDF+3TC(S)+RAL": 1,
    "3TC(S)+LPV/RTV+RAL(100)": 1,
    "AZT+ETV+LPV/rtv": 1,
    "AZT+RAL+EFV": 1,
    "AZT(S)+3TC(S)+EFV": 1,
    "3TC(S)+AZT+DTG": 1,
    "AZT/3TC+LPV/RTV+RAL": 1,
    "3TC(S)+DTG+LPV/RTV": 1,
    "TDF/FTC+LPV/RTV+RAL(100)": 1,
    "ABC+3TC+EFV": 1,
    "TDF+AZT(S)+DTG": 1
  },
  "por_hoja": {
    "Esquema Vigente": 436,
    "Personaliz. 18+": 2588,
    "Personaliz. 0-3": 39,
    "Personaliz. 4-17": 116
  }
}